Limkar-Ecom(Phase-2) Project Schedule,,,,,,,,,,Gantt Chart Template © 2006-2018 by Vertex42.com.,,,,,,,,,,,,,,,,,,,,,,,,,,,,,,,,,,,,,,,,,,,,,,,,,,,,,,,
Hatundia Securities,,,,,,,,,,,,,,,,,,,,,,,,,,,,,,,,,,,,,,,,,,,,,,,,,,,,,,,,,,,,,,,,,
,,,,,,,,,,,,,,,,,,,,,,,,,,,,,,,,,,,,,,,,,,,,,,,,,,,,,,,,,,,,,,,,,
,Project Start Date ,1/20/2025 (Monday),,,,Display Week ,1,,,Week 1,,,,,,,Week 2,,,,,,,Week 3,,,,,,,Week 4,,,,,,,Week 5,,,,,,,Week 6,,,,,,,Week 7,,,,,,,Week 8,,,,,,
,Project Lead ,Sumeeth Singh,,,,,,,,20 Jan 2025,,,,,,,27 Jan 2025,,,,,,,3 Feb 2025,,,,,,,10 Feb 2025,,,,,,,17 Feb 2025,,,,,,,24 Feb 2025,,,,,,,3 Mar 2025,,,,,,,10 Mar 2025,,,,,,
,,,,,,,,,,20,21,22,23,24,25,26,27,28,29,30,31,1,2,3,4,5,6,7,8,9,10,11,12,13,14,15,16,17,18,19,20,21,22,23,24,25,26,27,28,1,2,3,4,5,6,7,8,9,10,11,12,13,14,15,16
WBS,TASK,LEAD,PREDECESSOR,START,END,DAYS,% DONE,WORK DAYS,,M,T,W,T,F,S,S,M,T,W,T,F,S,S,M,T,W,T,F,S,S,M,T,W,T,F,S,S,M,T,W,T,F,S,S,M,T,W,T,F,S,S,M,T,W,T,F,S,S,M,T,W,T,F,S,S
1,User Management,,,, - ,,, - ,,,,,,,,,,,,,,,,,,,,,,,,,,,,,,,,,,,,,,,,,,,,,,,,,,,,,,,,,
1.1,User authentication through OTP (Sms gateway) and registration,[Name],,Mon 1/20/25,Mon 1/20/25,1,,1,,,,,,,,,,,,,,,,,,,,,,,,,,,,,,,,,,,,,,,,,,,,,,,,,,,,,,,,,
1.2,Address management (multiple addresses for delivery),,,Fri 2/21/25,Sat 2/22/25,2,,1,,,,,,,,,,,,,,,,,,,,,,,,,,,,,,,,,,,,,,,,,,,,,,,,,,,,,,,,,
1.3,User profiles and account settings,,,Fri 2/21/25,Sat 2/22/25,2,,1,,,,,,,,,,,,,,,,,,,,,,,,,,,,,,,,,,,,,,,,,,,,,,,,,,,,,,,,,
1.4,Change Password,,,Tue 2/25/25,Tue 2/25/25,1,,1,,,,,,,,,,,,,,,,,,,,,,,,,,,,,,,,,,,,,,,,,,,,,,,,,,,,,,,,,
1.5,Wishlist,,,Tue 4/01/25,Thu 4/03/25,3,,3,,,,,,,,,,,,,,,,,,,,,,,,,,,,,,,,,,,,,,,,,,,,,,,,,,,,,,,,,
2,Product Management,,,, - ,,, - ,,,,,,,,,,,,,,,,,,,,,,,,,,,,,,,,,,,,,,,,,,,,,,,,,,,,,,,,,
2.1,"Enhancing  productcatalog (colours, dimension, etc)",,,Mon 2/03/25,Thu 2/06/25,4,0%,4,,,,,,,,,,,,,,,,,,,,,,,,,,,,,,,,,,,,,,,,,,,,,,,,,,,,,,,,,
2.2,"Enhancing product filtering and search functionality (by category, subcategory, price, etc.)",,,Mon 3/10/25,Mon 3/10/25,1,,,,,,,,,,,,,,,,,,,,,,,,,,,,,,,,,,,,,,,,,,,,,,,,,,,,,,,,,,,
2.3,Product reviews and ratings,,,,,,,,,,,,,,,,,,,,,,,,,,,,,,,,,,,,,,,,,,,,,,,,,,,,,,,,,,,,,,,,
2.4,"Enhancing Product images and media handling (upload, display)",,,Mon 2/03/25,Mon 2/03/25,1,,,,,,,,,,,,,,,,,,,,,,,,,,,,,,,,,,,,,,,,,,,,,,,,,,,,,,,,,,,
3,Cart Functionality,,,, - ,,, - ,,,,,,,,,,,,,,,,,,,,,,,,,,,,,,,,,,,,,,,,,,,,,,,,,,,,,,,,,
3.1,"Enhancing Update cart (add/remove products, adjust quantities)",,,Mon 3/24/25,Mon 3/24/25,1,0%,1,,,,,,,,,,,,,,,,,,,,,,,,,,,,,,,,,,,,,,,,,,,,,,,,,,,,,,,,,
3.2,EnhancingCart summary and total calculation,,,Mon 4/28/25,Mon 4/28/25,1,0%,1,,,,,,,,,,,,,,,,,,,,,,,,,,,,,,,,,,,,,,,,,,,,,,,,,,,,,,,,,
3.3,Persisting cart data (for logged-in and guest users),,,Tue 4/29/25,Tue 4/29/25,1,0%,1,,,,,,,,,,,,,,,,,,,,,,,,,,,,,,,,,,,,,,,,,,,,,,,,,,,,,,,,,
4,Checkout & Order Management,,,, - ,,, - ,,,,,,,,,,,,,,,,,,,,,,,,,,,,,,,,,,,,,,,,,,,,,,,,,,,,,,,,,
4.1,Enhancing User address selection (for delivery),,,Mon 3/10/25,Mon 3/10/25,1,0%,1,,,,,,,,,,,,,,,,,,,,,,,,,,,,,,,,,,,,,,,,,,,,,,,,,,,,,,,,,
4.2,Enhancing Payment gateway integration (Razorpay),,,Mon 3/17/25,Mon 3/17/25,1,0%,1,,,,,,,,,,,,,,,,,,,,,,,,,,,,,,,,,,,,,,,,,,,,,,,,,,,,,,,,,
4.3,Enhancing Order summary and confirmation,,,Mon 3/17/25,Mon 3/17/25,1,0%,1,,,,,,,,,,,,,,,,,,,,,,,,,,,,,,,,,,,,,,,,,,,,,,,,,,,,,,,,,
4.4,Enhancing Order history and tracking,,,Wed 3/26/25,Wed 3/26/25,1,0%,1,,,,,,,,,,,,,,,,,,,,,,,,,,,,,,,,,,,,,,,,,,,,,,,,,,,,,,,,,
5,Payment Integration,,,, - ,,, - ,,,,,,,,,,,,,,,,,,,,,,,,,,,,,,,,,,,,,,,,,,,,,,,,,,,,,,,,,
5.1,Razorpay API integration for payments for success and failure,,,Tue 3/25/25,Tue 3/25/25,1,0%,1,,,,,,,,,,,,,,,,,,,,,,,,,,,,,,,,,,,,,,,,,,,,,,,,,,,,,,,,,
5.2,"Handling payment success, failure, and refunds",,,Wed 3/26/25,Wed 3/26/25,1,0%,1,,,,,,,,,,,,,,,,,,,,,,,,,,,,,,,,,,,,,,,,,,,,,,,,,,,,,,,,,
5.3,Payment receipt generation,,,, - ,1,0%, - ,,,,,,,,,,,,,,,,,,,,,,,,,,,,,,,,,,,,,,,,,,,,,,,,,,,,,,,,,
6,Backend Administration,,,, - ,,, - ,,,,,,,,,,,,,,,,,,,,,,,,,,,,,,,,,,,,,,,,,,,,,,,,,,,,,,,,,
6.1,"Enhancing Product management (CRUD for products, categories, and subcategories)",,,Mon 3/17/25,Tue 3/18/25,2,0%,2,,,,,,,,,,,,,,,,,,,,,,,,,,,,,,,,,,,,,,,,,,,,,,,,,,,,,,,,,
6.2,"Enhancing Order management (view, update, cancel)",,,Wed 3/19/25,Wed 3/19/25,1,0%,1,,,,,,,,,,,,,,,,,,,,,,,,,,,,,,,,,,,,,,,,,,,,,,,,,,,,,,,,,
6.3,"Enhancing User management (view, update, delete users)",,,Mon 3/24/25,Mon 3/24/25,1,0%,1,,,,,,,,,,,,,,,,,,,,,,,,,,,,,,,,,,,,,,,,,,,,,,,,,,,,,,,,,
6.4,"Inventory management (stock levels, out-of-stock notifications)",,,, - ,1,0%, - ,,,,,,,,,,,,,,,,,,,,,,,,,,,,,,,,,,,,,,,,,,,,,,,,,,,,,,,,,
7,Notifications & Email System,,,, - ,,, - ,,,,,,,,,,,,,,,,,,,,,,,,,,,,,,,,,,,,,,,,,,,,,,,,,,,,,,,,,
7.1,Order confirmation and status update emails,,,Mon 3/10/25,Wed 3/12/25,3,0%,3,,,,,,,,,,,,,,,,,,,,,,,,,,,,,,,,,,,,,,,,,,,,,,,,,,,,,,,,,
7.2,Cart reminders and promotions,,,Wed 3/19/25,Fri 3/21/25,3,0%,3,,,,,,,,,,,,,,,,,,,,,,,,,,,,,,,,,,,,,,,,,,,,,,,,,,,,,,,,,
7.3,Payment confirmation emails,,,Tue 3/25/25,Thu 3/27/25,3,0%,3,,,,,,,,,,,,,,,,,,,,,,,,,,,,,,,,,,,,,,,,,,,,,,,,,,,,,,,,,
8,Testing & QA,,,, - ,,, - ,,,,,,,,,,,,,,,,,,,,,,,,,,,,,,,,,,,,,,,,,,,,,,,,,,,,,,,,,
8.1,Unit and integration testing for backend functionality,,,, - ,1,0%, - ,,,,,,,,,,,,,,,,,,,,,,,,,,,,,,,,,,,,,,,,,,,,,,,,,,,,,,,,,
8.2,"Frontend testing for user flows (product browsing, cart, checkout)",,,, - ,1,0%, - ,,,,,,,,,,,,,,,,,,,,,,,,,,,,,,,,,,,,,,,,,,,,,,,,,,,,,,,,,
8.3,Cross-browser testing and mobile responsiveness checks,,,, - ,1,0%, - ,,,,,,,,,,,,,,,,,,,,,,,,,,,,,,,,,,,,,,,,,,,,,,,,,,,,,,,,,
9,Deployment & Maintenance,,,, - ,,, - ,,,,,,,,,,,,,,,,,,,,,,,,,,,,,,,,,,,,,,,,,,,,,,,,,,,,,,,,,
9.1,Final testing on staging server,,,, - ,1,0%, - ,,,,,,,,,,,,,,,,,,,,,,,,,,,,,,,,,,,,,,,,,,,,,,,,,,,,,,,,,
9.2,Deployment on production server,,,, - ,1,0%, - ,,,,,,,,,,,,,,,,,,,,,,,,,,,,,,,,,,,,,,,,,,,,,,,,,,,,,,,,,
9.3,Ongoing bug fixes and performance monitoring,,,, - ,1,0%, - ,,,,,,,,,,,,,,,,,,,,,,,,,,,,,,,,,,,,,,,,,,,,,,,,,,,,,,,,,
,,,,,,,, - ,,,,,,,,,,,,,,,,,,,,,,,,,,,,,,,,,,,,,,,,,,,,,,,,,,,,,,,,,
TEMPLATE ROWS,,,,,,,,,,,,,,,,,,,,,,,,,,,,,,,,,,,,,,,,,,,,,,,,,,,,,,,,,,,,,,,,,
See the Help worksheet to learn how to use these rows. You can hide these rows before printing.,,,,,,,,,,,,,,,,,,,,,,,,,,,,,,,,,,,,,,,,,,,,,,,,,,,,,,,,,,,,,,,,,
1,[ Level 1 Task or Phase ],,,, - ,,, - ,,,,,,,,,,,,,,,,,,,,,,,,,,,,,,,,,,,,,,,,,,,,,,,,,,,,,,,,,
1.1, . [ Level 2 Task ],,,, - ,,, - ,,,,,,,,,,,,,,,,,,,,,,,,,,,,,,,,,,,,,,,,,,,,,,,,,,,,,,,,,
1.1.1, . . [ Level 3 Task ],,,, - ,,, - ,,,,,,,,,,,,,,,,,,,,,,,,,,,,,,,,,,,,,,,,,,,,,,,,,,,,,,,,,
1.1.1.1, . . . [ Level 4 Task ],,,, - ,,, - ,,,,,,,,,,,,,,,,,,,,,,,,,,,,,,,,,,,,,,,,,,,,,,,,,,,,,,,,,
? Watch How to Create a Gantt Chart in Excel,,,,,,,,,,,,,,,,,,,,,,,,,,,,,,,,,,,,,,,,,,,,,,,,,,,,,,,,,,,,,,,,,
